Urls,URL_Category_2
https://www.pristyncare.com/hi/treatment/tympanoplasty/,treatment
https://www.pristyncare.com/belgaum/treatment/piles/,treatment
https://www.circumcisionsurgery.co.in/rajahmundry/,Others
https://www.pristyncare.com/hisar/treatment/mtp/,treatment
https://www.pristyncare.com/hi/varanasi/treatment/piles/,treatment
https://www.pristyncare.com/treatment/abortion/unmarried/,treatment
https://www.pristyncare.com/hi/treatment/kidney-stones/,treatment
https://www.pristyncare.com/hi/treatment/piles/bleeding/,treatment
https://www.pileskailaj.com/amritsar-me-bawaseer-ka-ilaj/,Others
https://www.pristyncare.com/,Others
https://www.pristyncare.com/hi/rewa/,Others
https://www.pristyncare.com/hi/treatment/foreskin-infection/,treatment
https://www.pristyncare.com/hi/bulandshahr/treatment/piles/,treatment
https://www.pristyncare.com/hi/treatment/piles/external/,treatment
